{"cameraMode":{"drawMode":0,"name":"Shaded","section":"Shading Mode"},"sceneLighting":true,"audioPlay":false,"sceneViewState":{"m_AlwaysRefresh":false,"showFog":true,"showSkybox":true,"showFlares":true,"showImageEffects":true,"showParticleSystems":true,"showVisualEffectGraphs":true,"m_FxEnabled":true},"in2DMode":false,"pivot":{"x":5.637321472167969,"y":-9.601462364196778,"z":0.20904922485351563},"rotation":{"x":-0.023380620405077935,"y":0.025785695761442186,"z":0.0006031248485669494,"w":0.9993979930877686},"size":2.19701886177063,"orthographic":false}