{"cameraMode":{"drawMode":0,"name":"Shaded","section":"Shading Mode"},"sceneLighting":false,"audioPlay":false,"sceneViewState":{"m_AlwaysRefresh":false,"showFog":true,"showSkybox":false,"showFlares":true,"showImageEffects":true,"showParticleSystems":true,"showVisualEffectGraphs":true,"m_FxEnabled":true},"in2DMode":false,"pivot":{"x":-0.2721520662307739,"y":-42.68000030517578,"z":-2.3299999237060549},"rotation":{"x":-0.0023888670839369299,"y":0.0362875834107399,"z":0.00008660960884299129,"w":0.9993427395820618},"size":14.377306938171387,"orthographic":true}